"","constituency_name","region_name","first_party","electorate","winner","tooltip","clickjs"
"1","Aberavon","Wales","Lab",50750,17008,"Aberavon | Lab","alert(""Aberavon | Lab"")"
"2","Aberconwy","Wales","Con",44699,14687,"Aberconwy | Con","alert(""Aberconwy | Con"")"
"3","Aberdeen North","Scotland","SNP",62489,20205,"Aberdeen North | SNP","alert(""Aberdeen North | SNP"")"
"4","Aberdeen South","Scotland","SNP",65719,20388,"Aberdeen South | SNP","alert(""Aberdeen South | SNP"")"
"5","Airdrie and Shotts","Scotland","SNP",64011,17929,"Airdrie and Shotts | SNP","alert(""Airdrie and Shotts | SNP"")"
"6","Aldershot","South East","Con",72617,27980,"Aldershot | Con","alert(""Aldershot | Con"")"
"7","Aldridge-Brownhills","West Midlands","Con",60138,27850,"Aldridge-Brownhills | Con","alert(""Aldridge-Brownhills | Con"")"
"8","Altrincham and Sale West","North West","Con",73107,26311,"Altrincham and Sale West | Con","alert(""Altrincham and Sale West | Con"")"
"9","Alyn and Deeside","Wales","Lab",62789,18271,"Alyn and Deeside | Lab","alert(""Alyn and Deeside | Lab"")"
"10","Amber Valley","East Midlands","Con",69976,29096,"Amber Valley | Con","alert(""Amber Valley | Con"")"
"11","Angus","Scotland","SNP",63952,21216,"Angus | SNP","alert(""Angus | SNP"")"
"12","Arfon","Wales","PC",42215,13134,"Arfon | PC","alert(""Arfon | PC"")"
"13","Argyll and Bute","Scotland","SNP",66525,21040,"Argyll and Bute | SNP","alert(""Argyll and Bute | SNP"")"
"14","Arundel and South Downs","South East","Con",81726,35566,"Arundel and South Downs | Con","alert(""Arundel and South Downs | Con"")"
"15","Ashfield","East Midlands","Con",78204,19231,"Ashfield | Con","alert(""Ashfield | Con"")"
"16","Ashford","South East","Con",89553,37270,"Ashford | Con","alert(""Ashford | Con"")"
"17","Ashton-Under-Lyne","North West","Lab",67978,18544,"Ashton-Under-Lyne | Lab","alert(""Ashton-Under-Lyne | Lab"")"
"18","Aylesbury","South East","Con",86665,32737,"Aylesbury | Con","alert(""Aylesbury | Con"")"
"19","Ayr, Carrick and Cumnock","Scotland","SNP",71970,20272,"Ayr, Carrick and Cumnock | SNP","alert(""Ayr, Carrick and Cumnock | SNP"")"
"20","Banbury","South East","Con",90116,34148,"Banbury | Con","alert(""Banbury | Con"")"
"21","Banff and Buchan","Scotland","Con",66655,21182,"Banff and Buchan | Con","alert(""Banff and Buchan | Con"")"
"22","Barking","London","Lab",77953,27219,"Barking | Lab","alert(""Barking | Lab"")"
"23","Barnsley Central","Yorkshire and The Humber","Lab",65277,14804,"Barnsley Central | Lab","alert(""Barnsley Central | Lab"")"
"24","Barnsley East","Yorkshire and The Humber","Lab",69504,14329,"Barnsley East | Lab","alert(""Barnsley East | Lab"")"
"25","Barrow and Furness","North West","Con",70158,23876,"Barrow and Furness | Con","alert(""Barrow and Furness | Con"")"
"26","Basildon and Billericay","East","Con",69906,29590,"Basildon and Billericay | Con","alert(""Basildon and Billericay | Con"")"
"27","Basingstoke","South East","Con",82928,29593,"Basingstoke | Con","alert(""Basingstoke | Con"")"
"28","Bassetlaw","East Midlands","Con",80024,28078,"Bassetlaw | Con","alert(""Bassetlaw | Con"")"
"29","Bath","South West","LD",67805,28419,"Bath | LD","alert(""Bath | LD"")"
"30","Batley and Spen","Yorkshire and The Humber","Lab",79558,22594,"Batley and Spen | Lab","alert(""Batley and Spen | Lab"")"
"31","Battersea","London","Lab",79350,27290,"Battersea | Lab","alert(""Battersea | Lab"")"
"32","Beaconsfield","South East","Con",77720,32477,"Beaconsfield | Con","alert(""Beaconsfield | Con"")"
"33","Beckenham","London","Con",68662,27282,"Beckenham | Con","alert(""Beckenham | Con"")"
"34","Bedford","East","Lab",71581,20491,"Bedford | Lab","alert(""Bedford | Lab"")"
"35","Belfast East","Northern Ireland","DUP",66245,20874,"Belfast East | DUP","alert(""Belfast East | DUP"")"
"36","Belfast North","Northern Ireland","SF",72225,23078,"Belfast North | SF","alert(""Belfast North | SF"")"
"37","Belfast South","Northern Ireland","SDLP",69984,27079,"Belfast South | SDLP","alert(""Belfast South | SDLP"")"
"38","Belfast West","Northern Ireland","SF",65644,20866,"Belfast West | SF","alert(""Belfast West | SF"")"
"39","Bermondsey and Old Southwark","London","Lab",93248,31723,"Bermondsey and Old Southwark | Lab","alert(""Bermondsey and Old Southwark | Lab"")"
"40","Berwickshire, Roxburgh and Selkirk","Scotland","Con",74518,25747,"Berwickshire, Roxburgh and Selkirk | Con","alert(""Berwickshire, Roxburgh and Selkirk | Con"")"
"41","Berwick-Upon-Tweed","North East","Con",59939,23947,"Berwick-Upon-Tweed | Con","alert(""Berwick-Upon-Tweed | Con"")"
"42","Bethnal Green and Bow","London","Lab",88262,44052,"Bethnal Green and Bow | Lab","alert(""Bethnal Green and Bow | Lab"")"
"43","Beverley and Holderness","Yorkshire and The Humber","Con",79696,33250,"Beverley and Holderness | Con","alert(""Beverley and Holderness | Con"")"
"44","Bexhill and Battle","South East","Con",81963,37590,"Bexhill and Battle | Con","alert(""Bexhill and Battle | Con"")"
"45","Bexleyheath and Crayford","London","Con",65466,25856,"Bexleyheath and Crayford | Con","alert(""Bexleyheath and Crayford | Con"")"
"46","Birkenhead","North West","Lab",63762,24990,"Birkenhead | Lab","alert(""Birkenhead | Lab"")"
"47","Birmingham, Edgbaston","West Midlands","Lab",68828,21217,"Birmingham, Edgbaston | Lab","alert(""Birmingham, Edgbaston | Lab"")"
"48","Birmingham, Erdington","West Midlands","Lab",66148,17720,"Birmingham, Erdington | Lab","alert(""Birmingham, Erdington | Lab"")"
"49","Birmingham, Hall Green","West Midlands","Lab",80283,35889,"Birmingham, Hall Green | Lab","alert(""Birmingham, Hall Green | Lab"")"
"50","Birmingham, Hodge Hill","West Midlands","Lab",78295,35397,"Birmingham, Hodge Hill | Lab","alert(""Birmingham, Hodge Hill | Lab"")"
"51","Birmingham, Ladywood","West Midlands","Lab",74912,33355,"Birmingham, Ladywood | Lab","alert(""Birmingham, Ladywood | Lab"")"
"52","Birmingham, Northfield","West Midlands","Con",73694,19957,"Birmingham, Northfield | Con","alert(""Birmingham, Northfield | Con"")"
"53","Birmingham, Perry Barr","West Midlands","Lab",72006,26594,"Birmingham, Perry Barr | Lab","alert(""Birmingham, Perry Barr | Lab"")"
"54","Birmingham, Selly Oak","West Midlands","Lab",82665,27714,"Birmingham, Selly Oak | Lab","alert(""Birmingham, Selly Oak | Lab"")"
"55","Birmingham, Yardley","West Midlands","Lab",74704,23379,"Birmingham, Yardley | Lab","alert(""Birmingham, Yardley | Lab"")"
"56","Bishop Auckland","North East","Con",68170,24067,"Bishop Auckland | Con","alert(""Bishop Auckland | Con"")"
"57","Blackburn","North West","Lab",71234,29040,"Blackburn | Lab","alert(""Blackburn | Lab"")"
"58","Blackley and Broughton","North West","Lab",73372,23887,"Blackley and Broughton | Lab","alert(""Blackley and Broughton | Lab"")"
"59","Blackpool North and Cleveleys","North West","Con",63692,22364,"Blackpool North and Cleveleys | Con","alert(""Blackpool North and Cleveleys | Con"")"
"60","Blackpool South","North West","Con",57690,16247,"Blackpool South | Con","alert(""Blackpool South | Con"")"
"61","Blaenau Gwent","Wales","Lab",50739,14862,"Blaenau Gwent | Lab","alert(""Blaenau Gwent | Lab"")"
"62","Blaydon","North East","Lab",67853,19794,"Blaydon | Lab","alert(""Blaydon | Lab"")"
"63","Blyth Valley","North East","Con",64429,17440,"Blyth Valley | Con","alert(""Blyth Valley | Con"")"
"64","Bognor Regis and Littlehampton","South East","Con",77446,32521,"Bognor Regis and Littlehampton | Con","alert(""Bognor Regis and Littlehampton | Con"")"
"65","Bolsover","East Midlands","Con",74292,21791,"Bolsover | Con","alert(""Bolsover | Con"")"
"66","Bolton North East","North West","Con",67564,19759,"Bolton North East | Con","alert(""Bolton North East | Con"")"
"67","Bolton South East","North West","Lab",69163,21516,"Bolton South East | Lab","alert(""Bolton South East | Lab"")"
"68","Bolton West","North West","Con",73191,27255,"Bolton West | Con","alert(""Bolton West | Con"")"
"69","Bootle","North West","Lab",74832,39066,"Bootle | Lab","alert(""Bootle | Lab"")"
"70","Boston and Skegness","East Midlands","Con",69381,31963,"Boston and Skegness | Con","alert(""Boston and Skegness | Con"")"
"71","Bosworth","East Midlands","Con",81542,36056,"Bosworth | Con","alert(""Bosworth | Con"")"
"72","Bournemouth East","South West","Con",74125,24926,"Bournemouth East | Con","alert(""Bournemouth East | Con"")"
"73","Bournemouth West","South West","Con",74205,24550,"Bournemouth West | Con","alert(""Bournemouth West | Con"")"
"74","Bracknell","South East","Con",78978,31894,"Bracknell | Con","alert(""Bracknell | Con"")"
"75","Bradford East","Yorkshire and The Humber","Lab",73206,27825,"Bradford East | Lab","alert(""Bradford East | Lab"")"
"76","Bradford South","Yorkshire and The Humber","Lab",69046,18390,"Bradford South | Lab","alert(""Bradford South | Lab"")"
"77","Bradford West","Yorkshire and The Humber","Lab",70694,33736,"Bradford West | Lab","alert(""Bradford West | Lab"")"
"78","Braintree","East","Con",75208,34112,"Braintree | Con","alert(""Braintree | Con"")"
"79","Brecon and Radnorshire","Wales","Con",55490,21958,"Brecon and Radnorshire | Con","alert(""Brecon and Radnorshire | Con"")"
"80","Brent Central","London","Lab",84032,31779,"Brent Central | Lab","alert(""Brent Central | Lab"")"
"81","Brentford and Isleworth","London","Lab",85775,29266,"Brentford and Isleworth | Lab","alert(""Brentford and Isleworth | Lab"")"
"82","Brent North","London","Lab",83788,26911,"Brent North | Lab","alert(""Brent North | Lab"")"
"83","Brentwood and Ongar","East","Con",75255,36308,"Brentwood and Ongar | Con","alert(""Brentwood and Ongar | Con"")"
"84","Bridgend","Wales","Con",63303,18193,"Bridgend | Con","alert(""Bridgend | Con"")"
"85","Bridgwater and West Somerset","South West","Con",85327,35827,"Bridgwater and West Somerset | Con","alert(""Bridgwater and West Somerset | Con"")"
"86","Brigg and Goole","Yorkshire and The Humber","Con",65939,30941,"Brigg and Goole | Con","alert(""Brigg and Goole | Con"")"
"87","Brighton, Kemptown","South East","Lab",69833,25033,"Brighton, Kemptown | Lab","alert(""Brighton, Kemptown | Lab"")"
"88","Brighton, Pavilion","South East","Green",79057,33151,"Brighton, Pavilion | Green","alert(""Brighton, Pavilion | Green"")"
"89","Bristol East","South West","Lab",73867,27717,"Bristol East | Lab","alert(""Bristol East | Lab"")"
"90","Bristol North West","South West","Lab",76273,27330,"Bristol North West | Lab","alert(""Bristol North West | Lab"")"
"91","Bristol South","South West","Lab",84079,27895,"Bristol South | Lab","alert(""Bristol South | Lab"")"
"92","Bristol West","South West","Lab",99253,47028,"Bristol West | Lab","alert(""Bristol West | Lab"")"
"93","Broadland","East","Con",78151,33934,"Broadland | Con","alert(""Broadland | Con"")"
"94","Bromley and Chislehurst","London","Con",66697,23958,"Bromley and Chislehurst | Con","alert(""Bromley and Chislehurst | Con"")"
"95","Bromsgrove","West Midlands","Con",75078,34408,"Bromsgrove | Con","alert(""Bromsgrove | Con"")"
"96","Broxbourne","East","Con",73182,30631,"Broxbourne | Con","alert(""Broxbourne | Con"")"
"97","Broxtowe","East Midlands","Con",73052,26602,"Broxtowe | Con","alert(""Broxtowe | Con"")"
"98","Buckingham","South East","Con",83146,37035,"Buckingham | Con","alert(""Buckingham | Con"")"
"99","Burnley","North West","Con",64345,15720,"Burnley | Con","alert(""Burnley | Con"")"
"100","Burton","West Midlands","Con",75036,29560,"Burton | Con","alert(""Burton | Con"")"
"101","Bury North","North West","Con",68802,21660,"Bury North | Con","alert(""Bury North | Con"")"
"102","Bury South","North West","Con",75152,22034,"Bury South | Con","alert(""Bury South | Con"")"
"103","Bury St Edmunds","East","Con",89644,37770,"Bury St Edmunds | Con","alert(""Bury St Edmunds | Con"")"
"104","Caerphilly","Wales","Lab",63166,18018,"Caerphilly | Lab","alert(""Caerphilly | Lab"")"
"105","Caithness, Sutherland and Easter Ross","Scotland","LD",46930,11705,"Caithness, Sutherland and Easter Ross | LD","alert(""Caithness, Sutherland and Easter Ross | LD"")"
"106","Calder Valley","Yorkshire and The Humber","Con",79287,29981,"Calder Valley | Con","alert(""Calder Valley | Con"")"
"107","Camberwell and Peckham","London","Lab",88971,40258,"Camberwell and Peckham | Lab","alert(""Camberwell and Peckham | Lab"")"
"108","Camborne and Redruth","South West","Con",70250,26764,"Camborne and Redruth | Con","alert(""Camborne and Redruth | Con"")"
"109","Cambridge","East","Lab",79951,25776,"Cambridge | Lab","alert(""Cambridge | Lab"")"
"110","Cannock Chase","West Midlands","Con",74813,31636,"Cannock Chase | Con","alert(""Cannock Chase | Con"")"
"111","Canterbury","South East","Lab",80203,29018,"Canterbury | Lab","alert(""Canterbury | Lab"")"
"112","Cardiff Central","Wales","Lab",64037,25605,"Cardiff Central | Lab","alert(""Cardiff Central | Lab"")"
"113","Cardiff North","Wales","Lab",68438,26064,"Cardiff North | Lab","alert(""Cardiff North | Lab"")"
"114","Cardiff South and Penarth","Wales","Lab",78837,27382,"Cardiff South and Penarth | Lab","alert(""Cardiff South and Penarth | Lab"")"
"115","Cardiff West","Wales","Lab",68508,23908,"Cardiff West | Lab","alert(""Cardiff West | Lab"")"
"116","Carlisle","North West","Con",65105,23659,"Carlisle | Con","alert(""Carlisle | Con"")"
"117","Carmarthen East and Dinefwr","Wales","PC",57419,15939,"Carmarthen East and Dinefwr | PC","alert(""Carmarthen East and Dinefwr | PC"")"
"118","Carmarthen West and South Pembrokeshire","Wales","Con",59158,22183,"Carmarthen West and South Pembrokeshire | Con","alert(""Carmarthen West and South Pembrokeshire | Con"")"
"119","Carshalton and Wallington","London","Con",72941,20822,"Carshalton and Wallington | Con","alert(""Carshalton and Wallington | Con"")"
"120","Castle Point","East","Con",69608,33971,"Castle Point | Con","alert(""Castle Point | Con"")"
"121","Central Ayrshire","Scotland","SNP",69742,21486,"Central Ayrshire | SNP","alert(""Central Ayrshire | SNP"")"
"122","Central Devon","South West","Con",74296,32095,"Central Devon | Con","alert(""Central Devon | Con"")"
"123","Central Suffolk and North Ipswich","East","Con",80037,35253,"Central Suffolk and North Ipswich | Con","alert(""Central Suffolk and North Ipswich | Con"")"
"124","Ceredigion","Wales","PC",56386,15208,"Ceredigion | PC","alert(""Ceredigion | PC"")"
"125","Charnwood","East Midlands","Con",79534,35121,"Charnwood | Con","alert(""Charnwood | Con"")"
"126","Chatham and Aylesford","South East","Con",71642,28856,"Chatham and Aylesford | Con","alert(""Chatham and Aylesford | Con"")"
"127","Cheadle","North West","Con",74577,25694,"Cheadle | Con","alert(""Cheadle | Con"")"
"128","Chelmsford","East","Con",80394,31934,"Chelmsford | Con","alert(""Chelmsford | Con"")"
"129","Chelsea and Fulham","London","Con",67110,23345,"Chelsea and Fulham | Con","alert(""Chelsea and Fulham | Con"")"
"130","Cheltenham","South West","Con",81044,28486,"Cheltenham | Con","alert(""Cheltenham | Con"")"
"131","Chesham and Amersham","South East","Con",72542,30850,"Chesham and Amersham | Con","alert(""Chesham and Amersham | Con"")"
"132","Chesterfield","East Midlands","Lab",71034,18171,"Chesterfield | Lab","alert(""Chesterfield | Lab"")"
"133","Chichester","South East","Con",85499,35402,"Chichester | Con","alert(""Chichester | Con"")"
"134","Chingford and Woodford Green","London","Con",65393,23481,"Chingford and Woodford Green | Con","alert(""Chingford and Woodford Green | Con"")"
"135","Chippenham","South West","Con",77221,30994,"Chippenham | Con","alert(""Chippenham | Con"")"
"136","Chipping Barnet","London","Con",79960,25745,"Chipping Barnet | Con","alert(""Chipping Barnet | Con"")"
"137","Chorley","North West","Spk",77072,3600,"Chorley | Spk","alert(""Chorley | Spk"")"
"138","Christchurch","South West","Con",71520,33894,"Christchurch | Con","alert(""Christchurch | Con"")"
"139","Cities Of London and Westminster","London","Con",63700,17049,"Cities Of London and Westminster | Con","alert(""Cities Of London and Westminster | Con"")"
"140","City Of Chester","North West","Lab",76057,27082,"City Of Chester | Lab","alert(""City Of Chester | Lab"")"
"141","City Of Durham","North East","Lab",71271,20531,"City Of Durham | Lab","alert(""City Of Durham | Lab"")"
"142","Clacton","East","Con",70930,31438,"Clacton | Con","alert(""Clacton | Con"")"
"143","Cleethorpes","Yorkshire and The Humber","Con",73689,31969,"Cleethorpes | Con","alert(""Cleethorpes | Con"")"
"144","Clwyd South","Wales","Con",53919,16222,"Clwyd South | Con","alert(""Clwyd South | Con"")"
"145","Clwyd West","Wales","Con",57714,20403,"Clwyd West | Con","alert(""Clwyd West | Con"")"
"146","Coatbridge, Chryston and Bellshill","Scotland","SNP",72943,22680,"Coatbridge, Chryston and Bellshill | SNP","alert(""Coatbridge, Chryston and Bellshill | SNP"")"
"147","Colchester","East","Con",82625,26917,"Colchester | Con","alert(""Colchester | Con"")"
"148","Colne Valley","Yorkshire and The Humber","Con",84174,29482,"Colne Valley | Con","alert(""Colne Valley | Con"")"
"149","Congleton","North West","Con",80930,33747,"Congleton | Con","alert(""Congleton | Con"")"
"150","Copeland","North West","Con",61693,22856,"Copeland | Con","alert(""Copeland | Con"")"
"151","Corby","East Midlands","Con",86153,33410,"Corby | Con","alert(""Corby | Con"")"
"152","Coventry North East","West Midlands","Lab",76006,23412,"Coventry North East | Lab","alert(""Coventry North East | Lab"")"
"153","Coventry North West","West Midlands","Lab",75247,20918,"Coventry North West | Lab","alert(""Coventry North West | Lab"")"
"154","Coventry South","West Midlands","Lab",70979,19544,"Coventry South | Lab","alert(""Coventry South | Lab"")"
"155","Crawley","South East","Con",74207,27040,"Crawley | Con","alert(""Crawley | Con"")"
"156","Crewe and Nantwich","North West","Con",80321,28704,"Crewe and Nantwich | Con","alert(""Crewe and Nantwich | Con"")"
"157","Croydon Central","London","Lab",81407,27124,"Croydon Central | Lab","alert(""Croydon Central | Lab"")"
"158","Croydon North","London","Lab",88468,36495,"Croydon North | Lab","alert(""Croydon North | Lab"")"
"159","Croydon South","London","Con",83982,30985,"Croydon South | Con","alert(""Croydon South | Con"")"
"160","Cumbernauld, Kilsyth and Kirkintilloch East","Scotland","SNP",66079,24158,"Cumbernauld, Kilsyth and Kirkintilloch East | SNP","alert(""Cumbernauld, Kilsyth and Kirkintilloch East | SNP"")"
"161","Cynon Valley","Wales","Lab",51134,15533,"Cynon Valley | Lab","alert(""Cynon Valley | Lab"")"
"162","Dagenham and Rainham","London","Lab",71045,19468,"Dagenham and Rainham | Lab","alert(""Dagenham and Rainham | Lab"")"
"163","Darlington","North East","Con",66397,20901,"Darlington | Con","alert(""Darlington | Con"")"
"164","Dartford","South East","Con",82209,34006,"Dartford | Con","alert(""Dartford | Con"")"
"165","Daventry","East Midlands","Con",77423,37055,"Daventry | Con","alert(""Daventry | Con"")"
"166","Delyn","Wales","Con",54560,16756,"Delyn | Con","alert(""Delyn | Con"")"
"167","Denton and Reddish","North West","Lab",66234,19317,"Denton and Reddish | Lab","alert(""Denton and Reddish | Lab"")"
"168","Derby North","East Midlands","Con",73199,21259,"Derby North | Con","alert(""Derby North | Con"")"
"169","Derbyshire Dales","East Midlands","Con",65080,29356,"Derbyshire Dales | Con","alert(""Derbyshire Dales | Con"")"
"170","Derby South","East Midlands","Lab",73062,21690,"Derby South | Lab","alert(""Derby South | Lab"")"
"171","Devizes","South West","Con",73372,32150,"Devizes | Con","alert(""Devizes | Con"")"
"172","Dewsbury","Yorkshire and The Humber","Con",81253,26179,"Dewsbury | Con","alert(""Dewsbury | Con"")"
"173","Doncaster Central","Yorkshire and The Humber","Lab",71389,16638,"Doncaster Central | Lab","alert(""Doncaster Central | Lab"")"
"174","Doncaster North","Yorkshire and The Humber","Lab",72362,15740,"Doncaster North | Lab","alert(""Doncaster North | Lab"")"
"175","Don Valley","Yorkshire and The Humber","Con",75356,19609,"Don Valley | Con","alert(""Don Valley | Con"")"
"176","Dover","South East","Con",76355,28830,"Dover | Con","alert(""Dover | Con"")"
"177","Dudley North","West Midlands","Con",61936,23134,"Dudley North | Con","alert(""Dudley North | Con"")"
"178","Dudley South","West Midlands","Con",60731,24835,"Dudley South | Con","alert(""Dudley South | Con"")"
"179","Dulwich and West Norwood","London","Lab",80331,36521,"Dulwich and West Norwood | Lab","alert(""Dulwich and West Norwood | Lab"")"
"180","Dumfries and Galloway","Scotland","Con",74580,22678,"Dumfries and Galloway | Con","alert(""Dumfries and Galloway | Con"")"
"181","Dumfriesshire, Clydesdale and Tweeddale","Scotland","Con",68330,22611,"Dumfriesshire, Clydesdale and Tweeddale | Con","alert(""Dumfriesshire, Clydesdale and Tweeddale | Con"")"
"182","Dundee East","Scotland","SNP",66210,24361,"Dundee East | SNP","alert(""Dundee East | SNP"")"
"183","Dundee West","Scotland","SNP",64431,22355,"Dundee West | SNP","alert(""Dundee West | SNP"")"
"184","Dunfermline and West Fife","Scotland","SNP",76652,23727,"Dunfermline and West Fife | SNP","alert(""Dunfermline and West Fife | SNP"")"
"185","Dwyfor Meirionnydd","Wales","PC",44362,14447,"Dwyfor Meirionnydd | PC","alert(""Dwyfor Meirionnydd | PC"")"
"186","Ealing Central and Acton","London","Lab",75510,28132,"Ealing Central and Acton | Lab","alert(""Ealing Central and Acton | Lab"")"
"187","Ealing North","London","Lab",74473,28036,"Ealing North | Lab","alert(""Ealing North | Lab"")"
"188","Ealing, Southall","London","Lab",64581,25678,"Ealing, Southall | Lab","alert(""Ealing, Southall | Lab"")"
"189","Easington","North East","Lab",61182,15723,"Easington | Lab","alert(""Easington | Lab"")"
"190","East Antrim","Northern Ireland","DUP",64830,16871,"East Antrim | DUP","alert(""East Antrim | DUP"")"
"191","Eastbourne","South East","Con",79307,26951,"Eastbourne | Con","alert(""Eastbourne | Con"")"
"192","East Devon","South West","Con",87168,32577,"East Devon | Con","alert(""East Devon | Con"")"
"193","East Dunbartonshire","Scotland","SNP",66075,19672,"East Dunbartonshire | SNP","alert(""East Dunbartonshire | SNP"")"
"194","East Ham","London","Lab",88319,41703,"East Ham | Lab","alert(""East Ham | Lab"")"
"195","East Hampshire","South East","Con",76478,33446,"East Hampshire | Con","alert(""East Hampshire | Con"")"
"196","East Kilbride, Strathaven and Lesmahagow","Scotland","SNP",81224,26113,"East Kilbride, Strathaven and Lesmahagow | SNP","alert(""East Kilbride, Strathaven and Lesmahagow | SNP"")"
"197","Eastleigh","South East","Con",83880,32690,"Eastleigh | Con","alert(""Eastleigh | Con"")"
"198","East Londonderry","Northern Ireland","DUP",69246,15765,"East Londonderry | DUP","alert(""East Londonderry | DUP"")"
"199","East Lothian","Scotland","SNP",81600,21156,"East Lothian | SNP","alert(""East Lothian | SNP"")"
"200","East Renfrewshire","Scotland","SNP",72232,24877,"East Renfrewshire | SNP","alert(""East Renfrewshire | SNP"")"
"201","East Surrey","South East","Con",83148,35624,"East Surrey | Con","alert(""East Surrey | Con"")"
"202","East Worthing and Shoreham","South East","Con",75194,27107,"East Worthing and Shoreham | Con","alert(""East Worthing and Shoreham | Con"")"
"203","East Yorkshire","Yorkshire and The Humber","Con",80923,33988,"East Yorkshire | Con","alert(""East Yorkshire | Con"")"
"204","Eddisbury","North West","Con",73700,30095,"Eddisbury | Con","alert(""Eddisbury | Con"")"
"205","Edinburgh East","Scotland","SNP",69424,23165,"Edinburgh East | SNP","alert(""Edinburgh East | SNP"")"
"206","Edinburgh North and Leith","Scotland","SNP",81336,25925,"Edinburgh North and Leith | SNP","alert(""Edinburgh North and Leith | SNP"")"
"207","Edinburgh South","Scotland","Lab",66188,23745,"Edinburgh South | Lab","alert(""Edinburgh South | Lab"")"
"208","Edinburgh South West","Scotland","SNP",73501,24830,"Edinburgh South West | SNP","alert(""Edinburgh South West | SNP"")"
"209","Edinburgh West","Scotland","LD",72507,21766,"Edinburgh West | LD","alert(""Edinburgh West | LD"")"
"210","Edmonton","London","Lab",65747,26217,"Edmonton | Lab","alert(""Edmonton | Lab"")"
"211","Ellesmere Port and Neston","North West","Lab",70327,26001,"Ellesmere Port and Neston | Lab","alert(""Ellesmere Port and Neston | Lab"")"
"212","Elmet and Rothwell","Yorkshire and The Humber","Con",80957,33726,"Elmet and Rothwell | Con","alert(""Elmet and Rothwell | Con"")"
"213","Eltham","London","Lab",64086,20550,"Eltham | Lab","alert(""Eltham | Lab"")"
"214","Enfield North","London","Lab",68301,23340,"Enfield North | Lab","alert(""Enfield North | Lab"")"
"215","Enfield, Southgate","London","Lab",65525,22923,"Enfield, Southgate | Lab","alert(""Enfield, Southgate | Lab"")"
"216","Epping Forest","East","Con",74304,32364,"Epping Forest | Con","alert(""Epping Forest | Con"")"
"217","Epsom and Ewell","South East","Con",81138,31819,"Epsom and Ewell | Con","alert(""Epsom and Ewell | Con"")"
"218","Erewash","East Midlands","Con",72523,27560,"Erewash | Con","alert(""Erewash | Con"")"
"219","Erith and Thamesmead","London","Lab",65399,19882,"Erith and Thamesmead | Lab","alert(""Erith and Thamesmead | Lab"")"
"220","Esher and Walton","South East","Con",81184,31132,"Esher and Walton | Con","alert(""Esher and Walton | Con"")"
"221","Exeter","South West","Lab",82054,29882,"Exeter | Lab","alert(""Exeter | Lab"")"
"222","Falkirk","Scotland","SNP",84472,29351,"Falkirk | SNP","alert(""Falkirk | SNP"")"
"223","Fareham","South East","Con",78337,36459,"Fareham | Con","alert(""Fareham | Con"")"
"224","Faversham and Mid Kent","South East","Con",73403,31864,"Faversham and Mid Kent | Con","alert(""Faversham and Mid Kent | Con"")"
"225","Feltham and Heston","London","Lab",80934,24876,"Feltham and Heston | Lab","alert(""Feltham and Heston | Lab"")"
"226","Fermanagh and South Tyrone","Northern Ireland","SF",72848,21986,"Fermanagh and South Tyrone | SF","alert(""Fermanagh and South Tyrone | SF"")"
"227","Filton and Bradley Stoke","South West","Con",74016,26293,"Filton and Bradley Stoke | Con","alert(""Filton and Bradley Stoke | Con"")"
"228","Finchley and Golders Green","London","Con",77573,24162,"Finchley and Golders Green | Con","alert(""Finchley and Golders Green | Con"")"
"229","Folkestone and Hythe","South East","Con",88272,35483,"Folkestone and Hythe | Con","alert(""Folkestone and Hythe | Con"")"
"230","Forest Of Dean","South West","Con",71438,30680,"Forest Of Dean | Con","alert(""Forest Of Dean | Con"")"
"231","Foyle","Northern Ireland","SDLP",74346,26881,"Foyle | SDLP","alert(""Foyle | SDLP"")"
"232","Fylde","North West","Con",66847,28432,"Fylde | Con","alert(""Fylde | Con"")"
"233","Gainsborough","East Midlands","Con",76343,33893,"Gainsborough | Con","alert(""Gainsborough | Con"")"
"234","Garston and Halewood","North West","Lab",76116,38578,"Garston and Halewood | Lab","alert(""Garston and Halewood | Lab"")"
"235","Gateshead","North East","Lab",64449,20450,"Gateshead | Lab","alert(""Gateshead | Lab"")"
"236","Gedling","East Midlands","Con",71336,22718,"Gedling | Con","alert(""Gedling | Con"")"
"237","Gillingham and Rainham","South East","Con",73549,28173,"Gillingham and Rainham | Con","alert(""Gillingham and Rainham | Con"")"
"238","Glasgow Central","Scotland","SNP",69230,19750,"Glasgow Central | SNP","alert(""Glasgow Central | SNP"")"
"239","Glasgow East","Scotland","SNP",67381,18357,"Glasgow East | SNP","alert(""Glasgow East | SNP"")"
"240","Glasgow North","Scotland","SNP",57130,16982,"Glasgow North | SNP","alert(""Glasgow North | SNP"")"
"241","Glasgow North East","Scotland","SNP",61075,15911,"Glasgow North East | SNP","alert(""Glasgow North East | SNP"")"
"242","Glasgow North West","Scotland","SNP",63402,19678,"Glasgow North West | SNP","alert(""Glasgow North West | SNP"")"
"243","Glasgow South","Scotland","SNP",70891,22829,"Glasgow South | SNP","alert(""Glasgow South | SNP"")"
"244","Glasgow South West","Scotland","SNP",64575,17643,"Glasgow South West | SNP","alert(""Glasgow South West | SNP"")"
"245","Glenrothes","Scotland","SNP",65672,21234,"Glenrothes | SNP","alert(""Glenrothes | SNP"")"
"246","Gloucester","South West","Con",81319,29159,"Gloucester | Con","alert(""Gloucester | Con"")"
"247","Gordon","Scotland","SNP",79629,23885,"Gordon | SNP","alert(""Gordon | SNP"")"
"248","Gosport","South East","Con",73541,32226,"Gosport | Con","alert(""Gosport | Con"")"
"249","Gower","Wales","Lab",61762,20208,"Gower | Lab","alert(""Gower | Lab"")"
"250","Grantham and Stamford","East Midlands","Con",81502,36794,"Grantham and Stamford | Con","alert(""Grantham and Stamford | Con"")"
"251","Gravesham","South East","Con",73242,29580,"Gravesham | Con","alert(""Gravesham | Con"")"
"252","Great Grimsby","Yorkshire and The Humber","Con",61409,18150,"Great Grimsby | Con","alert(""Great Grimsby | Con"")"
"253","Great Yarmouth","East","Con",71957,28593,"Great Yarmouth | Con","alert(""Great Yarmouth | Con"")"
"254","Greenwich and Woolwich","London","Lab",79997,30185,"Greenwich and Woolwich | Lab","alert(""Greenwich and Woolwich | Lab"")"
"255","Guildford","South East","Con",77729,26317,"Guildford | Con","alert(""Guildford | Con"")"
"256","Hackney North and Stoke Newington","London","Lab",92462,39972,"Hackney North and Stoke Newington | Lab","alert(""Hackney North and Stoke Newington | Lab"")"
"257","Hackney South and Shoreditch","London","Lab",89387,39884,"Hackney South and Shoreditch | Lab","alert(""Hackney South and Shoreditch | Lab"")"
"258","Halesowen and Rowley Regis","West Midlands","Con",68300,25607,"Halesowen and Rowley Regis | Con","alert(""Halesowen and Rowley Regis | Con"")"
"259","Halifax","Yorkshire and The Humber","Lab",71887,21496,"Halifax | Lab","alert(""Halifax | Lab"")"
"260","Haltemprice and Howden","Yorkshire and The Humber","Con",71083,31045,"Haltemprice and Howden | Con","alert(""Haltemprice and Howden | Con"")"
"261","Halton","North West","Lab",71930,29333,"Halton | Lab","alert(""Halton | Lab"")"
"262","Hammersmith","London","Lab",74759,30074,"Hammersmith | Lab","alert(""Hammersmith | Lab"")"
"263","Hampstead and Kilburn","London","Lab",86571,28080,"Hampstead and Kilburn | Lab","alert(""Hampstead and Kilburn | Lab"")"
"264","Harborough","East Midlands","Con",80151,31698,"Harborough | Con","alert(""Harborough | Con"")"
"265","Harlow","East","Con",68078,27510,"Harlow | Con","alert(""Harlow | Con"")"
"266","Harrogate and Knaresborough","Yorkshire and The Humber","Con",77941,29962,"Harrogate and Knaresborough | Con","alert(""Harrogate and Knaresborough | Con"")"
"267","Harrow East","London","Con",72106,26935,"Harrow East | Con","alert(""Harrow East | Con"")"
"268","Harrow West","London","Lab",72464,25132,"Harrow West | Lab","alert(""Harrow West | Lab"")"
"269","Hartlepool","North East","Lab",70855,15464,"Hartlepool | Lab","alert(""Hartlepool | Lab"")"
"270","Harwich and North Essex","East","Con",74153,31830,"Harwich and North Essex | Con","alert(""Harwich and North Essex | Con"")"
"271","Hastings and Rye","South East","Con",80524,26896,"Hastings and Rye | Con","alert(""Hastings and Rye | Con"")"
"272","Havant","South East","Con",72103,30051,"Havant | Con","alert(""Havant | Con"")"
"273","Hayes and Harlington","London","Lab",72357,24545,"Hayes and Harlington | Lab","alert(""Hayes and Harlington | Lab"")"
"274","Hazel Grove","North West","Con",63346,21592,"Hazel Grove | Con","alert(""Hazel Grove | Con"")"
"275","Hemel Hempstead","East","Con",74035,28968,"Hemel Hempstead | Con","alert(""Hemel Hempstead | Con"")"
"276","Hemsworth","Yorkshire and The Humber","Lab",73726,16460,"Hemsworth | Lab","alert(""Hemsworth | Lab"")"
"277","Hendon","London","Con",82661,26878,"Hendon | Con","alert(""Hendon | Con"")"
"278","Henley","South East","Con",76646,32189,"Henley | Con","alert(""Henley | Con"")"
"279","Hereford and South Herefordshire","West Midlands","Con",72085,30390,"Hereford and South Herefordshire | Con","alert(""Hereford and South Herefordshire | Con"")"
"280","Hertford and Stortford","East","Con",81765,33712,"Hertford and Stortford | Con","alert(""Hertford and Stortford | Con"")"
"281","Hertsmere","East","Con",73971,32651,"Hertsmere | Con","alert(""Hertsmere | Con"")"
"282","Hexham","North East","Con",61324,25152,"Hexham | Con","alert(""Hexham | Con"")"
"283","Heywood and Middleton","North West","Con",80162,20453,"Heywood and Middleton | Con","alert(""Heywood and Middleton | Con"")"
"284","High Peak","East Midlands","Con",74265,24844,"High Peak | Con","alert(""High Peak | Con"")"
"285","Hitchin and Harpenden","East","Con",76323,27719,"Hitchin and Harpenden | Con","alert(""Hitchin and Harpenden | Con"")"
"286","Holborn and St Pancras","London","Lab",86061,36641,"Holborn and St Pancras | Lab","alert(""Holborn and St Pancras | Lab"")"
"287","Hornchurch and Upminster","London","Con",80765,35495,"Hornchurch and Upminster | Con","alert(""Hornchurch and Upminster | Con"")"
"288","Hornsey and Wood Green","London","Lab",81814,35126,"Hornsey and Wood Green | Lab","alert(""Hornsey and Wood Green | Lab"")"
"289","Horsham","South East","Con",86730,35900,"Horsham | Con","alert(""Horsham | Con"")"
"290","Houghton and Sunderland South","North East","Lab",68835,16210,"Houghton and Sunderland South | Lab","alert(""Houghton and Sunderland South | Lab"")"
"291","Hove","South East","Lab",74313,32876,"Hove | Lab","alert(""Hove | Lab"")"
"292","Huddersfield","Yorkshire and The Humber","Lab",65525,20509,"Huddersfield | Lab","alert(""Huddersfield | Lab"")"
"293","Huntingdon","East","Con",84657,32386,"Huntingdon | Con","alert(""Huntingdon | Con"")"
"294","Hyndburn","North West","Con",70842,20565,"Hyndburn | Con","alert(""Hyndburn | Con"")"
"295","Ilford North","London","Lab",72973,25323,"Ilford North | Lab","alert(""Ilford North | Lab"")"
"296","Ilford South","London","Lab",84972,35085,"Ilford South | Lab","alert(""Ilford South | Lab"")"
"297","Inverclyde","Scotland","SNP",60622,19295,"Inverclyde | SNP","alert(""Inverclyde | SNP"")"
"298","Inverness, Nairn, Badenoch and Strathspey","Scotland","SNP",78059,26247,"Inverness, Nairn, Badenoch and Strathspey | SNP","alert(""Inverness, Nairn, Badenoch and Strathspey | SNP"")"
"299","Ipswich","East","Con",75525,24952,"Ipswich | Con","alert(""Ipswich | Con"")"
"300","Isle Of Wight","South East","Con",113021,41815,"Isle Of Wight | Con","alert(""Isle Of Wight | Con"")"
"301","Islington North","London","Lab",75162,34603,"Islington North | Lab","alert(""Islington North | Lab"")"
"302","Islington South and Finsbury","London","Lab",70489,26897,"Islington South and Finsbury | Lab","alert(""Islington South and Finsbury | Lab"")"
"303","Islwyn","Wales","Lab",55423,15356,"Islwyn | Lab","alert(""Islwyn | Lab"")"
"304","Jarrow","North East","Lab",65103,18363,"Jarrow | Lab","alert(""Jarrow | Lab"")"
"305","Keighley","Yorkshire and The Humber","Con",72778,25298,"Keighley | Con","alert(""Keighley | Con"")"
"306","Kenilworth and Southam","West Midlands","Con",68154,30351,"Kenilworth and Southam | Con","alert(""Kenilworth and Southam | Con"")"
"307","Kensington","London","Con",64609,16768,"Kensington | Con","alert(""Kensington | Con"")"
"308","Kettering","East Midlands","Con",73164,29787,"Kettering | Con","alert(""Kettering | Con"")"
"309","Kilmarnock and Loudoun","Scotland","SNP",74517,24216,"Kilmarnock and Loudoun | SNP","alert(""Kilmarnock and Loudoun | SNP"")"
"310","Kingston and Surbiton","London","LD",81975,31103,"Kingston and Surbiton | LD","alert(""Kingston and Surbiton | LD"")"
"311","Kingston upon Hull East","Yorkshire and The Humber","Lab",65745,12713,"Kingston upon Hull East | Lab","alert(""Kingston upon Hull East | Lab"")"
"312","Kingston upon Hull North","Yorkshire and The Humber","Lab",65515,17033,"Kingston upon Hull North | Lab","alert(""Kingston upon Hull North | Lab"")"
"313","Kingston upon Hull West and Hessle","Yorkshire and The Humber","Lab",60192,13384,"Kingston upon Hull West and Hessle | Lab","alert(""Kingston upon Hull West and Hessle | Lab"")"
"314","Kingswood","South West","Con",68972,27712,"Kingswood | Con","alert(""Kingswood | Con"")"
"315","Kirkcaldy and Cowdenbeath","Scotland","SNP",72853,16568,"Kirkcaldy and Cowdenbeath | SNP","alert(""Kirkcaldy and Cowdenbeath | SNP"")"
"316","Knowsley","North West","Lab",84082,44374,"Knowsley | Lab","alert(""Knowsley | Lab"")"
"317","Lagan Valley","Northern Ireland","DUP",75735,19586,"Lagan Valley | DUP","alert(""Lagan Valley | DUP"")"
"318","Lanark and Hamilton East","Scotland","SNP",77659,22243,"Lanark and Hamilton East | SNP","alert(""Lanark and Hamilton East | SNP"")"
"319","Lancaster and Fleetwood","North West","Lab",70059,21184,"Lancaster and Fleetwood | Lab","alert(""Lancaster and Fleetwood | Lab"")"
"320","Leeds Central","Yorkshire and The Humber","Lab",90971,30413,"Leeds Central | Lab","alert(""Leeds Central | Lab"")"
"321","Leeds East","Yorkshire and The Humber","Lab",67286,19464,"Leeds East | Lab","alert(""Leeds East | Lab"")"
"322","Leeds North East","Yorkshire and The Humber","Lab",70580,29024,"Leeds North East | Lab","alert(""Leeds North East | Lab"")"
"323","Leeds North West","Yorkshire and The Humber","Lab",67741,23971,"Leeds North West | Lab","alert(""Leeds North West | Lab"")"
"324","Leeds West","Yorkshire and The Humber","Lab",67727,22186,"Leeds West | Lab","alert(""Leeds West | Lab"")"
"325","Leicester East","East Midlands","Lab",78433,25090,"Leicester East | Lab","alert(""Leicester East | Lab"")"
"326","Leicester South","East Midlands","Lab",77708,33606,"Leicester South | Lab","alert(""Leicester South | Lab"")"
"327","Leicester West","East Midlands","Lab",64940,17291,"Leicester West | Lab","alert(""Leicester West | Lab"")"
"328","Leigh","North West","Con",77417,21266,"Leigh | Con","alert(""Leigh | Con"")"
"329","Lewes","South East","Con",71503,26268,"Lewes | Con","alert(""Lewes | Con"")"
"330","Lewisham, Deptford","London","Lab",80631,39216,"Lewisham, Deptford | Lab","alert(""Lewisham, Deptford | Lab"")"
"331","Lewisham East","London","Lab",67857,26661,"Lewisham East | Lab","alert(""Lewisham East | Lab"")"
"332","Lewisham West and Penge","London","Lab",74617,31860,"Lewisham West and Penge | Lab","alert(""Lewisham West and Penge | Lab"")"
"333","Leyton and Wanstead","London","Lab",64852,28836,"Leyton and Wanstead | Lab","alert(""Leyton and Wanstead | Lab"")"
"334","Lichfield","West Midlands","Con",76616,34844,"Lichfield | Con","alert(""Lichfield | Con"")"
"335","Lincoln","East Midlands","Con",74942,24267,"Lincoln | Con","alert(""Lincoln | Con"")"
"336","Linlithgow and East Falkirk","Scotland","SNP",87044,25551,"Linlithgow and East Falkirk | SNP","alert(""Linlithgow and East Falkirk | SNP"")"
"337","Liverpool, Riverside","North West","Lab",80310,41170,"Liverpool, Riverside | Lab","alert(""Liverpool, Riverside | Lab"")"
"338","Liverpool, Walton","North West","Lab",62628,34538,"Liverpool, Walton | Lab","alert(""Liverpool, Walton | Lab"")"
"339","Liverpool, Wavertree","North West","Lab",63458,31310,"Liverpool, Wavertree | Lab","alert(""Liverpool, Wavertree | Lab"")"
"340","Liverpool, West Derby","North West","Lab",65640,34117,"Liverpool, West Derby | Lab","alert(""Liverpool, West Derby | Lab"")"
"341","Livingston","Scotland","SNP",82285,25617,"Livingston | SNP","alert(""Livingston | SNP"")"
"342","Llanelli","Wales","Lab",60518,16125,"Llanelli | Lab","alert(""Llanelli | Lab"")"
"343","Loughborough","East Midlands","Con",79764,27954,"Loughborough | Con","alert(""Loughborough | Con"")"
"344","Louth and Horncastle","East Midlands","Con",79634,38021,"Louth and Horncastle | Con","alert(""Louth and Horncastle | Con"")"
"345","Ludlow","West Midlands","Con",69444,32185,"Ludlow | Con","alert(""Ludlow | Con"")"
"346","Luton North","East","Lab",68185,23496,"Luton North | Lab","alert(""Luton North | Lab"")"
"347","Luton South","East","Lab",69338,21787,"Luton South | Lab","alert(""Luton South | Lab"")"
"348","Macclesfield","North West","Con",76216,28292,"Macclesfield | Con","alert(""Macclesfield | Con"")"
"349","Maidenhead","South East","Con",76668,32620,"Maidenhead | Con","alert(""Maidenhead | Con"")"
"350","Maidstone and The Weald","South East","Con",76109,31220,"Maidstone and The Weald | Con","alert(""Maidstone and The Weald | Con"")"
"351","Makerfield","North West","Lab",74190,19954,"Makerfield | Lab","alert(""Makerfield | Lab"")"
"352","Maldon","East","Con",72438,36304,"Maldon | Con","alert(""Maldon | Con"")"
"353","Manchester Central","North West","Lab",92247,36823,"Manchester Central | Lab","alert(""Manchester Central | Lab"")"
"354","Manchester, Gorton","North West","Lab",76419,34583,"Manchester, Gorton | Lab","alert(""Manchester, Gorton | Lab"")"
"355","Manchester, Withington","North West","Lab",76530,35902,"Manchester, Withington | Lab","alert(""Manchester, Withington | Lab"")"
"356","Mansfield","East Midlands","Con",77131,31484,"Mansfield | Con","alert(""Mansfield | Con"")"
"357","Meon Valley","South East","Con",75737,35271,"Meon Valley | Con","alert(""Meon Valley | Con"")"
"358","Meriden","West Midlands","Con",85368,34358,"Meriden | Con","alert(""Meriden | Con"")"
"359","Merthyr Tydfil and Rhymney","Wales","Lab",56322,16913,"Merthyr Tydfil and Rhymney | Lab","alert(""Merthyr Tydfil and Rhymney | Lab"")"
"360","Mid Bedfordshire","East","Con",87795,38692,"Mid Bedfordshire | Con","alert(""Mid Bedfordshire | Con"")"
"361","Mid Derbyshire","East Midlands","Con",67442,29027,"Mid Derbyshire | Con","alert(""Mid Derbyshire | Con"")"
"362","Middlesbrough","North East","Lab",60764,17207,"Middlesbrough | Lab","alert(""Middlesbrough | Lab"")"
"363","Middlesbrough South and East Cleveland","North East","Con",72348,28135,"Middlesbrough South and East Cleveland | Con","alert(""Middlesbrough South and East Cleveland | Con"")"
"364","Mid Dorset and North Poole","South West","Con",65427,29548,"Mid Dorset and North Poole | Con","alert(""Mid Dorset and North Poole | Con"")"
"365","Midlothian","Scotland","SNP",70544,20033,"Midlothian | SNP","alert(""Midlothian | SNP"")"
"366","Mid Norfolk","East","Con",82203,35051,"Mid Norfolk | Con","alert(""Mid Norfolk | Con"")"
"367","Mid Sussex","South East","Con",85146,33455,"Mid Sussex | Con","alert(""Mid Sussex | Con"")"
"368","Mid Ulster","Northern Ireland","SF",70449,20473,"Mid Ulster | SF","alert(""Mid Ulster | SF"")"
"369","Mid Worcestershire","West Midlands","Con",78220,37426,"Mid Worcestershire | Con","alert(""Mid Worcestershire | Con"")"
"370","Milton Keynes North","South East","Con",91545,30938,"Milton Keynes North | Con","alert(""Milton Keynes North | Con"")"
"371","Milton Keynes South","South East","Con",96363,32011,"Milton Keynes South | Con","alert(""Milton Keynes South | Con"")"
"372","Mitcham and Morden","London","Lab",70021,27964,"Mitcham and Morden | Lab","alert(""Mitcham and Morden | Lab"")"
"373","Mole Valley","South East","Con",74665,31656,"Mole Valley | Con","alert(""Mole Valley | Con"")"
"374","Monmouth","Wales","Con",67098,26160,"Monmouth | Con","alert(""Monmouth | Con"")"
"375","Montgomeryshire","Wales","Con",48997,20020,"Montgomeryshire | Con","alert(""Montgomeryshire | Con"")"
"376","Moray","Scotland","Con",71035,22112,"Moray | Con","alert(""Moray | Con"")"
"377","Morecambe and Lunesdale","North West","Con",67397,23925,"Morecambe and Lunesdale | Con","alert(""Morecambe and Lunesdale | Con"")"
"378","Morley and Outwood","Yorkshire and The Humber","Con",78803,29424,"Morley and Outwood | Con","alert(""Morley and Outwood | Con"")"
"379","Motherwell and Wishaw","Scotland","SNP",68856,20622,"Motherwell and Wishaw | SNP","alert(""Motherwell and Wishaw | SNP"")"
"380","Na h-Eileanan An Iar","Scotland","SNP",21106,6531,"Na h-Eileanan An Iar | SNP","alert(""Na h-Eileanan An Iar | SNP"")"
"381","Neath","Wales","Lab",56419,15920,"Neath | Lab","alert(""Neath | Lab"")"
"382","Newark","East Midlands","Con",75850,34660,"Newark | Con","alert(""Newark | Con"")"
"383","Newbury","South East","Con",83414,34431,"Newbury | Con","alert(""Newbury | Con"")"
"384","Newcastle-Under-Lyme","West Midlands","Con",68211,23485,"Newcastle-Under-Lyme | Con","alert(""Newcastle-Under-Lyme | Con"")"
"385","Newcastle Upon Tyne Central","North East","Lab",57845,21568,"Newcastle Upon Tyne Central | Lab","alert(""Newcastle Upon Tyne Central | Lab"")"
"386","Newcastle Upon Tyne East","North East","Lab",63796,26049,"Newcastle Upon Tyne East | Lab","alert(""Newcastle Upon Tyne East | Lab"")"
"387","Newcastle Upon Tyne North","North East","Lab",68486,21354,"Newcastle Upon Tyne North | Lab","alert(""Newcastle Upon Tyne North | Lab"")"
"388","New Forest East","South East","Con",73549,32769,"New Forest East | Con","alert(""New Forest East | Con"")"
"389","New Forest West","South East","Con",70869,32113,"New Forest West | Con","alert(""New Forest West | Con"")"
"390","Newport East","Wales","Lab",58554,16125,"Newport East | Lab","alert(""Newport East | Lab"")"
"391","Newport West","Wales","Lab",66657,18977,"Newport West | Lab","alert(""Newport West | Lab"")"
"392","Newry and Armagh","Northern Ireland","SF",81226,20287,"Newry and Armagh | SF","alert(""Newry and Armagh | SF"")"
"393","Newton Abbot","South West","Con",72529,29190,"Newton Abbot | Con","alert(""Newton Abbot | Con"")"
"394","Normanton, Pontefract and Castleford","Yorkshire and The Humber","Lab",84527,18297,"Normanton, Pontefract and Castleford | Lab","alert(""Normanton, Pontefract and Castleford | Lab"")"
"395","Northampton North","East Midlands","Con",58768,21031,"Northampton North | Con","alert(""Northampton North | Con"")"
"396","Northampton South","East Midlands","Con",62163,20914,"Northampton South | Con","alert(""Northampton South | Con"")"
"397","North Antrim","Northern Ireland","DUP",77134,20860,"North Antrim | DUP","alert(""North Antrim | DUP"")"
"398","North Ayrshire and Arran","Scotland","SNP",73534,23376,"North Ayrshire and Arran | SNP","alert(""North Ayrshire and Arran | SNP"")"
"399","North Cornwall","South West","Con",69935,30671,"North Cornwall | Con","alert(""North Cornwall | Con"")"
"400","North Devon","South West","Con",75859,31479,"North Devon | Con","alert(""North Devon | Con"")"
"401","North Dorset","South West","Con",76765,35705,"North Dorset | Con","alert(""North Dorset | Con"")"
"402","North Down","Northern Ireland","Alliance",67099,15390,"North Down | Alliance","alert(""North Down | Alliance"")"
"403","North Durham","North East","Lab",66796,18639,"North Durham | Lab","alert(""North Durham | Lab"")"
"404","North East Bedfordshire","East","Con",90678,38443,"North East Bedfordshire | Con","alert(""North East Bedfordshire | Con"")"
"405","North East Cambridgeshire","East","Con",83699,38423,"North East Cambridgeshire | Con","alert(""North East Cambridgeshire | Con"")"
"406","North East Derbyshire","East Midlands","Con",72345,28897,"North East Derbyshire | Con","alert(""North East Derbyshire | Con"")"
"407","North East Fife","Scotland","LD",60905,19763,"North East Fife | LD","alert(""North East Fife | LD"")"
"408","North East Hampshire","South East","Con",78954,35280,"North East Hampshire | Con","alert(""North East Hampshire | Con"")"
"409","North East Hertfordshire","East","Con",76123,31293,"North East Hertfordshire | Con","alert(""North East Hertfordshire | Con"")"
"410","North East Somerset","South West","Con",73692,28360,"North East Somerset | Con","alert(""North East Somerset | Con"")"
"411","North Herefordshire","West Midlands","Con",70252,32158,"North Herefordshire | Con","alert(""North Herefordshire | Con"")"
"412","North Norfolk","East","Con",70729,29792,"North Norfolk | Con","alert(""North Norfolk | Con"")"
"413","North Shropshire","West Midlands","Con",83258,35444,"North Shropshire | Con","alert(""North Shropshire | Con"")"
"414","North Somerset","South West","Con",80194,32801,"North Somerset | Con","alert(""North Somerset | Con"")"
"415","North Swindon","South West","Con",82441,32584,"North Swindon | Con","alert(""North Swindon | Con"")"
"416","North Thanet","South East","Con",72756,30066,"North Thanet | Con","alert(""North Thanet | Con"")"
"417","North Tyneside","North East","Lab",78902,25051,"North Tyneside | Lab","alert(""North Tyneside | Lab"")"
"418","North Warwickshire","West Midlands","Con",70271,30249,"North Warwickshire | Con","alert(""North Warwickshire | Con"")"
"419","North West Cambridgeshire","East","Con",94909,40307,"North West Cambridgeshire | Con","alert(""North West Cambridgeshire | Con"")"
"420","North West Durham","North East","Con",72166,19990,"North West Durham | Con","alert(""North West Durham | Con"")"
"421","North West Hampshire","South East","Con",83083,36591,"North West Hampshire | Con","alert(""North West Hampshire | Con"")"
"422","North West Leicestershire","East Midlands","Con",78935,33811,"North West Leicestershire | Con","alert(""North West Leicestershire | Con"")"
"423","North West Norfolk","East","Con",72080,30627,"North West Norfolk | Con","alert(""North West Norfolk | Con"")"
"424","North Wiltshire","South West","Con",73280,32373,"North Wiltshire | Con","alert(""North Wiltshire | Con"")"
"425","Norwich North","East","Con",67172,23397,"Norwich North | Con","alert(""Norwich North | Con"")"
"426","Norwich South","East","Lab",77845,27766,"Norwich South | Lab","alert(""Norwich South | Lab"")"
"427","Nottingham East","East Midlands","Lab",66262,25735,"Nottingham East | Lab","alert(""Nottingham East | Lab"")"
"428","Nottingham North","East Midlands","Lab",66495,17337,"Nottingham North | Lab","alert(""Nottingham North | Lab"")"
"429","Nottingham South","East Midlands","Lab",79485,26586,"Nottingham South | Lab","alert(""Nottingham South | Lab"")"
"430","Nuneaton","West Midlands","Con",70226,27390,"Nuneaton | Con","alert(""Nuneaton | Con"")"
"431","Ochil and South Perthshire","Scotland","SNP",78776,26882,"Ochil and South Perthshire | SNP","alert(""Ochil and South Perthshire | SNP"")"
"432","Ogmore","Wales","Lab",57581,17602,"Ogmore | Lab","alert(""Ogmore | Lab"")"
"433","Old Bexley and Sidcup","London","Con",66104,29786,"Old Bexley and Sidcup | Con","alert(""Old Bexley and Sidcup | Con"")"
"434","Oldham East and Saddleworth","North West","Lab",72120,20088,"Oldham East and Saddleworth | Lab","alert(""Oldham East and Saddleworth | Lab"")"
"435","Oldham West and Royton","North West","Lab",72999,24579,"Oldham West and Royton | Lab","alert(""Oldham West and Royton | Lab"")"
"436","Orkney and Shetland","Scotland","LD",34211,10381,"Orkney and Shetland | LD","alert(""Orkney and Shetland | LD"")"
"437","Orpington","London","Con",68877,30882,"Orpington | Con","alert(""Orpington | Con"")"
"438","Oxford East","South East","Lab",78303,28135,"Oxford East | Lab","alert(""Oxford East | Lab"")"
"439","Oxford West and Abingdon","South East","LD",76951,31340,"Oxford West and Abingdon | LD","alert(""Oxford West and Abingdon | LD"")"
"440","Paisley and Renfrewshire North","Scotland","SNP",72007,23353,"Paisley and Renfrewshire North | SNP","alert(""Paisley and Renfrewshire North | SNP"")"
"441","Paisley and Renfrewshire South","Scotland","SNP",64385,21637,"Paisley and Renfrewshire South | SNP","alert(""Paisley and Renfrewshire South | SNP"")"
"442","Pendle","North West","Con",65292,24076,"Pendle | Con","alert(""Pendle | Con"")"
"443","Penistone and Stocksbridge","Yorkshire and The Humber","Con",70925,23688,"Penistone and Stocksbridge | Con","alert(""Penistone and Stocksbridge | Con"")"
"444","Penrith and The Border","North West","Con",67555,28875,"Penrith and The Border | Con","alert(""Penrith and The Border | Con"")"
"445","Perth and North Perthshire","Scotland","SNP",72600,27362,"Perth and North Perthshire | SNP","alert(""Perth and North Perthshire | SNP"")"
"446","Peterborough","East","Con",72560,22334,"Peterborough | Con","alert(""Peterborough | Con"")"
"447","Plymouth, Moor View","South West","Con",69430,26831,"Plymouth, Moor View | Con","alert(""Plymouth, Moor View | Con"")"
"448","Plymouth, Sutton and Devonport","South West","Lab",77852,25461,"Plymouth, Sutton and Devonport | Lab","alert(""Plymouth, Sutton and Devonport | Lab"")"
"449","Pontypridd","Wales","Lab",60327,17381,"Pontypridd | Lab","alert(""Pontypridd | Lab"")"
"450","Poole","South West","Con",73989,29599,"Poole | Con","alert(""Poole | Con"")"
"451","Poplar and Limehouse","London","Lab",91836,38660,"Poplar and Limehouse | Lab","alert(""Poplar and Limehouse | Lab"")"
"452","Portsmouth North","South East","Con",71299,28172,"Portsmouth North | Con","alert(""Portsmouth North | Con"")"
"453","Portsmouth South","South East","Lab",74186,23068,"Portsmouth South | Lab","alert(""Portsmouth South | Lab"")"
"454","Preseli Pembrokeshire","Wales","Con",59606,21381,"Preseli Pembrokeshire | Con","alert(""Preseli Pembrokeshire | Con"")"
"455","Preston","North West","Lab",59672,20870,"Preston | Lab","alert(""Preston | Lab"")"
"456","Pudsey","Yorkshire and The Humber","Con",73212,26453,"Pudsey | Con","alert(""Pudsey | Con"")"
"457","Putney","London","Lab",65556,22780,"Putney | Lab","alert(""Putney | Lab"")"
"458","Rayleigh and Wickford","East","Con",78930,39864,"Rayleigh and Wickford | Con","alert(""Rayleigh and Wickford | Con"")"
"459","Reading East","South East","Lab",77152,27102,"Reading East | Lab","alert(""Reading East | Lab"")"
"460","Reading West","South East","Con",74137,24393,"Reading West | Con","alert(""Reading West | Con"")"
"461","Redcar","North East","Con",65864,18811,"Redcar | Con","alert(""Redcar | Con"")"
"462","Redditch","West Midlands","Con",65391,27907,"Redditch | Con","alert(""Redditch | Con"")"
"463","Reigate","South East","Con",74242,28665,"Reigate | Con","alert(""Reigate | Con"")"
"464","Rhondda","Wales","Lab",50262,16115,"Rhondda | Lab","alert(""Rhondda | Lab"")"
"465","Ribble Valley","North West","Con",79247,33346,"Ribble Valley | Con","alert(""Ribble Valley | Con"")"
"466","Richmond Park","London","LD",82699,34559,"Richmond Park | LD","alert(""Richmond Park | LD"")"
"467","Richmond (Yorks)","Yorkshire and The Humber","Con",82569,36693,"Richmond (Yorks) | Con","alert(""Richmond (Yorks) | Con"")"
"468","Rochdale","North West","Lab",78909,24475,"Rochdale | Lab","alert(""Rochdale | Lab"")"
"469","Rochester and Strood","South East","Con",82056,31151,"Rochester and Strood | Con","alert(""Rochester and Strood | Con"")"
"470","Rochford and Southend East","East","Con",75624,27063,"Rochford and Southend East | Con","alert(""Rochford and Southend East | Con"")"
"471","Romford","London","Con",72350,30494,"Romford | Con","alert(""Romford | Con"")"
"472","Romsey and Southampton North","South East","Con",68228,27862,"Romsey and Southampton North | Con","alert(""Romsey and Southampton North | Con"")"
"473","Rossendale and Darwen","North West","Con",72770,27570,"Rossendale and Darwen | Con","alert(""Rossendale and Darwen | Con"")"
"474","Ross, Skye and Lochaber","Scotland","SNP",54230,19263,"Ross, Skye and Lochaber | SNP","alert(""Ross, Skye and Lochaber | SNP"")"
"475","Rotherham","Yorkshire and The Humber","Lab",61688,14736,"Rotherham | Lab","alert(""Rotherham | Lab"")"
"476","Rother Valley","Yorkshire and The Humber","Con",74804,21970,"Rother Valley | Con","alert(""Rother Valley | Con"")"
"477","Rugby","West Midlands","Con",72292,29255,"Rugby | Con","alert(""Rugby | Con"")"
"478","Ruislip, Northwood and Pinner","London","Con",72816,29391,"Ruislip, Northwood and Pinner | Con","alert(""Ruislip, Northwood and Pinner | Con"")"
"479","Runnymede and Weybridge","South East","Con",77196,29262,"Runnymede and Weybridge | Con","alert(""Runnymede and Weybridge | Con"")"
"480","Rushcliffe","East Midlands","Con",77047,28765,"Rushcliffe | Con","alert(""Rushcliffe | Con"")"
"481","Rutherglen and Hamilton West","Scotland","SNP",80918,23775,"Rutherglen and Hamilton West | SNP","alert(""Rutherglen and Hamilton West | SNP"")"
"482","Rutland and Melton","East Midlands","Con",82705,36507,"Rutland and Melton | Con","alert(""Rutland and Melton | Con"")"
"483","Saffron Walden","East","Con",87017,39714,"Saffron Walden | Con","alert(""Saffron Walden | Con"")"
"484","Salford and Eccles","North West","Lab",82202,28755,"Salford and Eccles | Lab","alert(""Salford and Eccles | Lab"")"
"485","Salisbury","South West","Con",74556,30280,"Salisbury | Con","alert(""Salisbury | Con"")"
"486","Scarborough and Whitby","Yorkshire and The Humber","Con",74404,27593,"Scarborough and Whitby | Con","alert(""Scarborough and Whitby | Con"")"
"487","Scunthorpe","Yorkshire and The Humber","Con",61955,20306,"Scunthorpe | Con","alert(""Scunthorpe | Con"")"
"488","Sedgefield","North East","Con",64325,19609,"Sedgefield | Con","alert(""Sedgefield | Con"")"
"489","Sefton Central","North West","Lab",69760,29254,"Sefton Central | Lab","alert(""Sefton Central | Lab"")"
"490","Selby and Ainsty","Yorkshire and The Humber","Con",78398,33995,"Selby and Ainsty | Con","alert(""Selby and Ainsty | Con"")"
"491","Sevenoaks","South East","Con",71757,30932,"Sevenoaks | Con","alert(""Sevenoaks | Con"")"
"492","Sheffield, Brightside and Hillsborough","Yorkshire and The Humber","Lab",69333,22369,"Sheffield, Brightside and Hillsborough | Lab","alert(""Sheffield, Brightside and Hillsborough | Lab"")"
"493","Sheffield Central","Yorkshire and The Humber","Lab",89849,33968,"Sheffield Central | Lab","alert(""Sheffield Central | Lab"")"
"494","Sheffield, Hallam","Yorkshire and The Humber","Lab",72763,19709,"Sheffield, Hallam | Lab","alert(""Sheffield, Hallam | Lab"")"
"495","Sheffield, Heeley","Yorkshire and The Humber","Lab",66940,21475,"Sheffield, Heeley | Lab","alert(""Sheffield, Heeley | Lab"")"
"496","Sheffield South East","Yorkshire and The Humber","Lab",67832,19359,"Sheffield South East | Lab","alert(""Sheffield South East | Lab"")"
"497","Sherwood","East Midlands","Con",77888,32049,"Sherwood | Con","alert(""Sherwood | Con"")"
"498","Shipley","Yorkshire and The Humber","Con",74029,27437,"Shipley | Con","alert(""Shipley | Con"")"
"499","Shrewsbury and Atcham","West Midlands","Con",82238,31021,"Shrewsbury and Atcham | Con","alert(""Shrewsbury and Atcham | Con"")"
"500","Sittingbourne and Sheppey","South East","Con",83917,34742,"Sittingbourne and Sheppey | Con","alert(""Sittingbourne and Sheppey | Con"")"
"501","Skipton and Ripon","Yorkshire and The Humber","Con",78347,34919,"Skipton and Ripon | Con","alert(""Skipton and Ripon | Con"")"
"502","Sleaford and North Hykeham","East Midlands","Con",94761,44683,"Sleaford and North Hykeham | Con","alert(""Sleaford and North Hykeham | Con"")"
"503","Slough","South East","Lab",86818,29421,"Slough | Lab","alert(""Slough | Lab"")"
"504","Solihull","West Midlands","Con",78760,32309,"Solihull | Con","alert(""Solihull | Con"")"
"505","Somerton and Frome","South West","Con",85866,36230,"Somerton and Frome | Con","alert(""Somerton and Frome | Con"")"
"506","Southampton, Itchen","South East","Con",72299,23952,"Southampton, Itchen | Con","alert(""Southampton, Itchen | Con"")"
"507","Southampton, Test","South East","Lab",70116,22256,"Southampton, Test | Lab","alert(""Southampton, Test | Lab"")"
"508","South Antrim","Northern Ireland","DUP",71711,15149,"South Antrim | DUP","alert(""South Antrim | DUP"")"
"509","South Basildon and East Thurrock","East","Con",74441,29973,"South Basildon and East Thurrock | Con","alert(""South Basildon and East Thurrock | Con"")"
"510","South Cambridgeshire","East","Con",87288,31015,"South Cambridgeshire | Con","alert(""South Cambridgeshire | Con"")"
"511","South Derbyshire","East Midlands","Con",79331,33502,"South Derbyshire | Con","alert(""South Derbyshire | Con"")"
"512","South Dorset","South West","Con",73809,30024,"South Dorset | Con","alert(""South Dorset | Con"")"
"513","South Down","Northern Ireland","SF",79175,16137,"South Down | SF","alert(""South Down | SF"")"
"514","South East Cambridgeshire","East","Con",86769,32187,"South East Cambridgeshire | Con","alert(""South East Cambridgeshire | Con"")"
"515","South East Cornwall","South West","Con",71825,31807,"South East Cornwall | Con","alert(""South East Cornwall | Con"")"
"516","Southend West","East","Con",69043,27555,"Southend West | Con","alert(""Southend West | Con"")"
"517","South Holland and The Deepings","East Midlands","Con",75975,37338,"South Holland and The Deepings | Con","alert(""South Holland and The Deepings | Con"")"
"518","South Leicestershire","East Midlands","Con",80520,36791,"South Leicestershire | Con","alert(""South Leicestershire | Con"")"
"519","South Norfolk","East","Con",86214,36258,"South Norfolk | Con","alert(""South Norfolk | Con"")"
"520","South Northamptonshire","East Midlands","Con",90842,41755,"South Northamptonshire | Con","alert(""South Northamptonshire | Con"")"
"521","Southport","North West","Con",70837,22914,"Southport | Con","alert(""Southport | Con"")"
"522","South Ribble","North West","Con",75351,30028,"South Ribble | Con","alert(""South Ribble | Con"")"
"523","South Shields","North East","Lab",62793,17273,"South Shields | Lab","alert(""South Shields | Lab"")"
"524","South Staffordshire","West Midlands","Con",73668,36520,"South Staffordshire | Con","alert(""South Staffordshire | Con"")"
"525","South Suffolk","East","Con",76201,33270,"South Suffolk | Con","alert(""South Suffolk | Con"")"
"526","South Swindon","South West","Con",73118,26536,"South Swindon | Con","alert(""South Swindon | Con"")"
"527","South Thanet","South East","Con",73223,27084,"South Thanet | Con","alert(""South Thanet | Con"")"
"528","South West Bedfordshire","East","Con",79926,32212,"South West Bedfordshire | Con","alert(""South West Bedfordshire | Con"")"
"529","South West Devon","South West","Con",72535,33286,"South West Devon | Con","alert(""South West Devon | Con"")"
"530","South West Hertfordshire","East","Con",80499,30327,"South West Hertfordshire | Con","alert(""South West Hertfordshire | Con"")"
"531","South West Norfolk","East","Con",78455,35507,"South West Norfolk | Con","alert(""South West Norfolk | Con"")"
"532","South West Surrey","South East","Con",79096,32191,"South West Surrey | Con","alert(""South West Surrey | Con"")"
"533","South West Wiltshire","South West","Con",77969,33038,"South West Wiltshire | Con","alert(""South West Wiltshire | Con"")"
"534","Spelthorne","South East","Con",70929,29141,"Spelthorne | Con","alert(""Spelthorne | Con"")"
"535","Stafford","West Midlands","Con",72572,29992,"Stafford | Con","alert(""Stafford | Con"")"
"536","Staffordshire Moorlands","West Midlands","Con",65485,28192,"Staffordshire Moorlands | Con","alert(""Staffordshire Moorlands | Con"")"
"537","St Albans","East","LD",73727,28867,"St Albans | LD","alert(""St Albans | LD"")"
"538","Stalybridge and Hyde","North West","Lab",73064,19025,"Stalybridge and Hyde | Lab","alert(""Stalybridge and Hyde | Lab"")"
"539","St Austell and Newquay","South West","Con",79930,31273,"St Austell and Newquay | Con","alert(""St Austell and Newquay | Con"")"
"540","Stevenage","East","Con",71562,25328,"Stevenage | Con","alert(""Stevenage | Con"")"
"541","St Helens North","North West","Lab",75593,24870,"St Helens North | Lab","alert(""St Helens North | Lab"")"
"542","St Helens South and Whiston","North West","Lab",79061,29457,"St Helens South and Whiston | Lab","alert(""St Helens South and Whiston | Lab"")"
"543","Stirling","Scotland","SNP",68473,26895,"Stirling | SNP","alert(""Stirling | SNP"")"
"544","St Ives","South West","Con",68795,25365,"St Ives | Con","alert(""St Ives | Con"")"
"545","Stockport","North West","Lab",65391,21695,"Stockport | Lab","alert(""Stockport | Lab"")"
"546","Stockton North","North East","Lab",66649,17728,"Stockton North | Lab","alert(""Stockton North | Lab"")"
"547","Stockton South","North East","Con",76870,27764,"Stockton South | Con","alert(""Stockton South | Con"")"
"548","Stoke-On-Trent Central","West Midlands","Con",55419,14557,"Stoke-On-Trent Central | Con","alert(""Stoke-On-Trent Central | Con"")"
"549","Stoke-On-Trent North","West Midlands","Con",68298,20974,"Stoke-On-Trent North | Con","alert(""Stoke-On-Trent North | Con"")"
"550","Stoke-On-Trent South","West Midlands","Con",64491,24632,"Stoke-On-Trent South | Con","alert(""Stoke-On-Trent South | Con"")"
"551","Stone","West Midlands","Con",69378,31687,"Stone | Con","alert(""Stone | Con"")"
"552","Stourbridge","West Midlands","Con",69891,27534,"Stourbridge | Con","alert(""Stourbridge | Con"")"
"553","Strangford","Northern Ireland","DUP",66928,17705,"Strangford | DUP","alert(""Strangford | DUP"")"
"554","Stratford-On-Avon","West Midlands","Con",74037,33343,"Stratford-On-Avon | Con","alert(""Stratford-On-Avon | Con"")"
"555","Streatham","London","Lab",84783,30976,"Streatham | Lab","alert(""Streatham | Lab"")"
"556","Stretford and Urmston","North West","Lab",72372,30195,"Stretford and Urmston | Lab","alert(""Stretford and Urmston | Lab"")"
"557","Stroud","South West","Con",84537,31582,"Stroud | Con","alert(""Stroud | Con"")"
"558","Suffolk Coastal","East","Con",81910,32958,"Suffolk Coastal | Con","alert(""Suffolk Coastal | Con"")"
"559","Sunderland Central","North East","Lab",72680,18336,"Sunderland Central | Lab","alert(""Sunderland Central | Lab"")"
"560","Surrey Heath","South East","Con",81349,34358,"Surrey Heath | Con","alert(""Surrey Heath | Con"")"
"561","Sutton and Cheam","London","Con",71779,25235,"Sutton and Cheam | Con","alert(""Sutton and Cheam | Con"")"
"562","Sutton Coldfield","West Midlands","Con",75638,31604,"Sutton Coldfield | Con","alert(""Sutton Coldfield | Con"")"
"563","Swansea East","Wales","Lab",58450,17405,"Swansea East | Lab","alert(""Swansea East | Lab"")"
"564","Swansea West","Wales","Lab",57078,18493,"Swansea West | Lab","alert(""Swansea West | Lab"")"
"565","Tamworth","West Midlands","Con",71572,30542,"Tamworth | Con","alert(""Tamworth | Con"")"
"566","Tatton","North West","Con",69018,28277,"Tatton | Con","alert(""Tatton | Con"")"
"567","Taunton Deane","South West","Con",88676,34164,"Taunton Deane | Con","alert(""Taunton Deane | Con"")"
"568","Telford","West Midlands","Con",68921,25546,"Telford | Con","alert(""Telford | Con"")"
"569","Tewkesbury","South West","Con",83958,35728,"Tewkesbury | Con","alert(""Tewkesbury | Con"")"
"570","The Cotswolds","South West","Con",81939,35484,"The Cotswolds | Con","alert(""The Cotswolds | Con"")"
"571","The Wrekin","West Midlands","Con",70693,31029,"The Wrekin | Con","alert(""The Wrekin | Con"")"
"572","Thirsk and Malton","Yorkshire and The Humber","Con",80991,35634,"Thirsk and Malton | Con","alert(""Thirsk and Malton | Con"")"
"573","Thornbury and Yate","South West","Con",69492,30202,"Thornbury and Yate | Con","alert(""Thornbury and Yate | Con"")"
"574","Thurrock","East","Con",79659,27795,"Thurrock | Con","alert(""Thurrock | Con"")"
"575","Tiverton and Honiton","South West","Con",82953,35893,"Tiverton and Honiton | Con","alert(""Tiverton and Honiton | Con"")"
"576","Tonbridge and Malling","South East","Con",79278,35784,"Tonbridge and Malling | Con","alert(""Tonbridge and Malling | Con"")"
"577","Tooting","London","Lab",76954,30811,"Tooting | Lab","alert(""Tooting | Lab"")"
"578","Torbay","South West","Con",75054,29863,"Torbay | Con","alert(""Torbay | Con"")"
"579","Torfaen","Wales","Lab",62330,15546,"Torfaen | Lab","alert(""Torfaen | Lab"")"
"580","Torridge and West Devon","South West","Con",80403,35904,"Torridge and West Devon | Con","alert(""Torridge and West Devon | Con"")"
"581","Totnes","South West","Con",69863,27751,"Totnes | Con","alert(""Totnes | Con"")"
"582","Tottenham","London","Lab",75740,35621,"Tottenham | Lab","alert(""Tottenham | Lab"")"
"583","Truro and Falmouth","South West","Con",76719,27237,"Truro and Falmouth | Con","alert(""Truro and Falmouth | Con"")"
"584","Tunbridge Wells","South East","Con",74823,30119,"Tunbridge Wells | Con","alert(""Tunbridge Wells | Con"")"
"585","Twickenham","London","LD",84906,36166,"Twickenham | LD","alert(""Twickenham | LD"")"
"586","Tynemouth","North East","Lab",77261,26928,"Tynemouth | Lab","alert(""Tynemouth | Lab"")"
"587","Upper Bann","Northern Ireland","DUP",82887,20501,"Upper Bann | DUP","alert(""Upper Bann | DUP"")"
"588","Uxbridge and South Ruislip","London","Con",70365,25351,"Uxbridge and South Ruislip | Con","alert(""Uxbridge and South Ruislip | Con"")"
"589","Vale Of Clwyd","Wales","Con",56649,17270,"Vale Of Clwyd | Con","alert(""Vale Of Clwyd | Con"")"
"590","Vale Of Glamorgan","Wales","Con",76508,27305,"Vale Of Glamorgan | Con","alert(""Vale Of Glamorgan | Con"")"
"591","Vauxhall","London","Lab",88659,31615,"Vauxhall | Lab","alert(""Vauxhall | Lab"")"
"592","Wakefield","Yorkshire and The Humber","Con",70192,21283,"Wakefield | Con","alert(""Wakefield | Con"")"
"593","Wallasey","North West","Lab",66310,29901,"Wallasey | Lab","alert(""Wallasey | Lab"")"
"594","Walsall North","West Midlands","Con",67177,23334,"Walsall North | Con","alert(""Walsall North | Con"")"
"595","Walsall South","West Midlands","Lab",68024,20872,"Walsall South | Lab","alert(""Walsall South | Lab"")"
"596","Walthamstow","London","Lab",70267,36784,"Walthamstow | Lab","alert(""Walthamstow | Lab"")"
"597","Wansbeck","North East","Lab",63339,17124,"Wansbeck | Lab","alert(""Wansbeck | Lab"")"
"598","Wantage","South East","Con",90867,34085,"Wantage | Con","alert(""Wantage | Con"")"
"599","Warley","West Midlands","Lab",62357,21901,"Warley | Lab","alert(""Warley | Lab"")"
"600","Warrington North","North West","Lab",72235,20611,"Warrington North | Lab","alert(""Warrington North | Lab"")"
"601","Warrington South","North West","Con",86015,28187,"Warrington South | Con","alert(""Warrington South | Con"")"
"602","Warwick and Leamington","West Midlands","Lab",76362,23718,"Warwick and Leamington | Lab","alert(""Warwick and Leamington | Lab"")"
"603","Washington and Sunderland West","North East","Lab",66278,15941,"Washington and Sunderland West | Lab","alert(""Washington and Sunderland West | Lab"")"
"604","Watford","East","Con",83359,26421,"Watford | Con","alert(""Watford | Con"")"
"605","Waveney","East","Con",82791,31778,"Waveney | Con","alert(""Waveney | Con"")"
"606","Wealden","South East","Con",82998,37043,"Wealden | Con","alert(""Wealden | Con"")"
"607","Weaver Vale","North West","Lab",70551,22772,"Weaver Vale | Lab","alert(""Weaver Vale | Lab"")"
"608","Wellingborough","East Midlands","Con",80765,32277,"Wellingborough | Con","alert(""Wellingborough | Con"")"
"609","Wells","South West","Con",81898,33336,"Wells | Con","alert(""Wells | Con"")"
"610","Welwyn Hatfield","East","Con",74892,27394,"Welwyn Hatfield | Con","alert(""Welwyn Hatfield | Con"")"
"611","Wentworth and Dearne","Yorkshire and The Humber","Lab",74536,16742,"Wentworth and Dearne | Lab","alert(""Wentworth and Dearne | Lab"")"
"612","West Aberdeenshire and Kincardine","Scotland","Con",72640,22752,"West Aberdeenshire and Kincardine | Con","alert(""West Aberdeenshire and Kincardine | Con"")"
"613","West Bromwich East","West Midlands","Con",62046,16804,"West Bromwich East | Con","alert(""West Bromwich East | Con"")"
"614","West Bromwich West","West Midlands","Con",64517,17419,"West Bromwich West | Con","alert(""West Bromwich West | Con"")"
"615","West Dorset","South West","Con",81897,33589,"West Dorset | Con","alert(""West Dorset | Con"")"
"616","West Dunbartonshire","Scotland","SNP",66517,22396,"West Dunbartonshire | SNP","alert(""West Dunbartonshire | SNP"")"
"617","West Ham","London","Lab",97947,42181,"West Ham | Lab","alert(""West Ham | Lab"")"
"618","West Lancashire","North West","Lab",73347,27458,"West Lancashire | Lab","alert(""West Lancashire | Lab"")"
"619","Westminster North","London","Lab",65519,23240,"Westminster North | Lab","alert(""Westminster North | Lab"")"
"620","Westmorland and Lonsdale","North West","LD",67789,25795,"Westmorland and Lonsdale | LD","alert(""Westmorland and Lonsdale | LD"")"
"621","Weston-Super-Mare","South West","Con",82526,31983,"Weston-Super-Mare | Con","alert(""Weston-Super-Mare | Con"")"
"622","West Suffolk","East","Con",80193,33842,"West Suffolk | Con","alert(""West Suffolk | Con"")"
"623","West Tyrone","Northern Ireland","SF",66259,16544,"West Tyrone | SF","alert(""West Tyrone | SF"")"
"624","West Worcestershire","West Midlands","Con",76241,34909,"West Worcestershire | Con","alert(""West Worcestershire | Con"")"
"625","Wigan","North West","Lab",75680,21042,"Wigan | Lab","alert(""Wigan | Lab"")"
"626","Wimbledon","London","Con",68240,20373,"Wimbledon | Con","alert(""Wimbledon | Con"")"
"627","Winchester","South East","Con",75582,28430,"Winchester | Con","alert(""Winchester | Con"")"
"628","Windsor","South East","Con",75038,31501,"Windsor | Con","alert(""Windsor | Con"")"
"629","Wirral South","North West","Lab",57280,22284,"Wirral South | Lab","alert(""Wirral South | Lab"")"
"630","Wirral West","North West","Lab",55550,20695,"Wirral West | Lab","alert(""Wirral West | Lab"")"
"631","Witham","East","Con",70402,32876,"Witham | Con","alert(""Witham | Con"")"
"632","Witney","South East","Con",83845,33856,"Witney | Con","alert(""Witney | Con"")"
"633","Woking","South East","Con",75424,26396,"Woking | Con","alert(""Woking | Con"")"
"634","Wokingham","South East","Con",83953,30734,"Wokingham | Con","alert(""Wokingham | Con"")"
"635","Wolverhampton North East","West Midlands","Con",61660,17722,"Wolverhampton North East | Con","alert(""Wolverhampton North East | Con"")"
"636","Wolverhampton South East","West Midlands","Lab",62883,15522,"Wolverhampton South East | Lab","alert(""Wolverhampton South East | Lab"")"
"637","Wolverhampton South West","West Midlands","Con",60534,19864,"Wolverhampton South West | Con","alert(""Wolverhampton South West | Con"")"
"638","Worcester","West Midlands","Con",73485,25856,"Worcester | Con","alert(""Worcester | Con"")"
"639","Workington","North West","Con",61370,20488,"Workington | Con","alert(""Workington | Con"")"
"640","Worsley and Eccles South","North West","Lab",75219,20446,"Worsley and Eccles South | Lab","alert(""Worsley and Eccles South | Lab"")"
"641","Worthing West","South East","Con",78585,30475,"Worthing West | Con","alert(""Worthing West | Con"")"
"642","Wrexham","Wales","Con",49737,15199,"Wrexham | Con","alert(""Wrexham | Con"")"
"643","Wycombe","South East","Con",78093,24766,"Wycombe | Con","alert(""Wycombe | Con"")"
"644","Wyre and Preston North","North West","Con",74775,31589,"Wyre and Preston North | Con","alert(""Wyre and Preston North | Con"")"
"645","Wyre Forest","West Midlands","Con",78077,32960,"Wyre Forest | Con","alert(""Wyre Forest | Con"")"
"646","Wythenshawe and Sale East","North West","Lab",76313,23855,"Wythenshawe and Sale East | Lab","alert(""Wythenshawe and Sale East | Lab"")"
"647","Yeovil","South West","Con",82468,34588,"Yeovil | Con","alert(""Yeovil | Con"")"
"648","Ynys Mon","Wales","Con",51925,12959,"Ynys Mon | Con","alert(""Ynys Mon | Con"")"
"649","York Central","Yorkshire and The Humber","Lab",74899,27312,"York Central | Lab","alert(""York Central | Lab"")"
"650","York Outer","Yorkshire and The Humber","Con",74673,27324,"York Outer | Con","alert(""York Outer | Con"")"
